id,first_name,last_name,email,gender,country,city
1,Hedvige,Runham,hrunham0@drupal.org,Female,CN,Nianyushan
2,Nadia,Ellens,nellens1@oaic.gov.au,Female,,Áno Sýros
3,Wyn,Bezemer,wbezemer2@wired.com,Male,,Villa Alemana
4,Petey,Oxbe,poxbe3@senate.gov,Male,RU,Pokrovskoye
5,Murial,Mateescu,mmateescu4@blinklist.com,,PH,San Quintin
6,Leonore,Phillcock,,Female,NC,Thio
7,Scottie,Matzeitis,,Male,PA,Capira
8,Allistir,Dales,adales7@xrea.com,Male,UA,Kopashnovo
9,Arley,Stearnes,astearnes8@sogou.com,Male,ZA,Vredenburg
10,Bonnee,Shattock,bshattock9@nytimes.com,Female,PT,Antas
11,Linc,Badsworth,lbadswortha@soup.io,Male,CN,Amgalang
12,Marlane,Daniau,mdaniaub@jiathis.com,Female,CN,Jingouhe
13,Loydie,MacClinton,lmacclintonc@pagesperso-orange.fr,Male,ID,Dorupare
14,Jule,Hillam,jhillamd@blogtalkradio.com,,,Chenhu
15,Vevay,Hickisson,,Female,ID,Sidomekar
16,Thomasine,Mallia,tmalliaf@washingtonpost.com,Female,,Waepana
17,Haleigh,Mobberley,,,RU,Kerva
18,Ike,Cholerton,icholertonh@oracle.com,Male,WS,Gataivai
19,Orelle,Presland,opreslandi@diigo.com,Female,CN,Duping
20,Stafford,Ingerfield,singerfieldj@engadget.com,Male,FR,Évreux
21,Chloe,Carville,ccarvillek@sciencedaily.com,Female,PT,Mem Martins
22,Morganica,Langstone,mlangstonel@trellian.com,Female,CU,Jaruco
23,Gardner,Mielnik,gmielnikm@usda.gov,Male,CN,Shunling
24,Andrey,Sangra,asangran@networksolutions.com,Male,CA,Neuville
25,Calli,Testo,ctestoo@odnoklassniki.ru,,AR,San Isidro de Lules
26,Bernelle,Allan,ballanp@reddit.com,Polygender,,Černovice
27,Stace,Lindemann,,,MD,Dnestrovsc
28,Rufus,Philbin,rphilbinr@cnn.com,Polygender,KZ,Petropavlovsk
29,Crissy,Pendock,cpendocks@irs.gov,Female,,Nantes
30,Donetta,Alliot,dalliott@marriott.com,Female,CN,Hengshan
31,Milton,Paulucci,mpaulucciu@home.pl,Male,RU,Novokuybyshevsk
32,Gertrud,McGuiney,gmcguineyv@army.mil,Female,,Rzhev
33,Eveleen,Ahrend,eahrendw@microsoft.com,Female,BO,Santa Cruz de la Sierra
34,Skell,Andreia,sandreiax@wikipedia.org,,PT,Casais de Vera Cruz
35,Alecia,Stobie,astobiey@angelfire.com,Non-binary,DO,Concepción de La Vega
36,Wallie,Isacq,,Male,JP,Kitahiroshima
37,Flin,Kimble,fkimble10@paypal.com,Male,CN,Yuwan
38,Janean,Bailie,,Female,CZ,Dolní Rychnov
39,Maynord,Giannassi,,Male,,Hejiaping
40,Gabey,Von Der Empten,gvonderempten13@si.edu,Female,,Niquinohomo
41,Rosemonde,Snugg,,Female,KM,Kangani
42,Amelita,Sante,asante15@seesaa.net,Agender,CN,Liantan
43,Laural,Cron,lcron16@posterous.com,Genderfluid,,Dasi
44,Lizabeth,Doag,ldoag17@cbslocal.com,Female,ID,Kaduela
45,Frederigo,Chopin,fchopin18@miitbeian.gov.cn,Male,CN,Yulong
46,Serena,Romaint,sromaint19@is.gd,Female,SE,Karlstad
47,Jacky,Bernade,jbernade1a@comsenz.com,Male,,Koilás
48,Siffre,Ceaplen,sceaplen1b@bbc.co.uk,Male,BZ,Placencia
49,Efrem,O'Doherty,eodoherty1c@pcworld.com,Male,CN,Longhe
50,Timothee,Scotchmer,tscotchmer1d@booking.com,Male,,Sumberpandan
51,Coral,Guy,cguy1e@ustream.tv,Female,UA,Zaliznychne
52,Tracy,Jachimczak,tjachimczak1f@ucla.edu,Male,CA,Mont-Joli
53,Felipa,Jamrowicz,fjamrowicz1g@msn.com,Female,CN,Zhougang
54,Carter,Sinnatt,csinnatt1h@nytimes.com,Male,RS,Bačka Palanka
55,Kit,McDyer,kmcdyer1i@reverbnation.com,Male,RU,Pashkovskiy
56,Krista,Fasset,kfasset1j@google.com,,CN,Bukui
57,Sandi,Hassey,shassey1k@businessweek.com,Female,,Miaoshou
58,Syd,Compson,scompson1l@nyu.edu,Male,CN,Meishan
59,Cheston,Padilla,,Male,AL,Aranitas
60,Jamey,Hammelberg,,Male,,Kotingnatagete
61,Esther,Dobson,edobson1o@51.la,Female,,Uglich
62,Alexi,Thistleton,athistleton1p@amazon.com,Female,PL,Gnieżdżewo
63,Latrina,Hollier,lhollier1q@wiley.com,Female,,Havlíčkův Brod
64,Cynthie,Hamblen,chamblen1r@ehow.com,Female,,Suḩayl Shibām
65,Joell,Canelas,jcanelas1s@fotki.com,Female,SE,Örebro
66,Goddard,Warde,gwarde1t@about.me,,JP,Sakai-nakajima
67,Kriste,Reidie,,Female,GT,Nentón
68,Gaspar,Spellecy,,Male,BR,Aquiraz
69,Ruggiero,Buske,rbuske1w@slideshare.net,Male,BY,Pukhavichy
70,Tandi,Maiden,tmaiden1x@edublogs.org,Female,CN,Tianyi
71,Diane,Ugolotti,dugolotti1y@foxnews.com,,CN,Bayan Hure
72,Lynea,Klimkin,lklimkin1z@woothemes.com,Female,PL,Gołkowice
73,Ester,Hilldrop,,Female,CN,Zaoshi
74,Giavani,Spindler,gspindler21@umich.edu,Male,,Turbaco
75,Byrann,Lahy,blahy22@mapquest.com,Genderfluid,ID,Tuatuka
76,Bellina,Stelfax,bstelfax23@shinystat.com,Female,PT,Atães
77,Willamina,Hinsch,whinsch24@unesco.org,Female,CN,Shuangzhong
78,Michelina,Habbeshaw,mhabbeshaw25@jalbum.net,Female,CN,Buchou
79,Osbourn,Atwill,oatwill26@wp.com,Male,CN,Guyi
80,Kingsly,Marushak,kmarushak27@netlog.com,Male,CZ,Hrob
81,Roobbie,Blackburne,,Female,RU,Magistral’nyy
82,Orland,Hewlings,ohewlings29@imgur.com,Male,SE,Trollhättan
83,Town,Housby,thousby2a@wisc.edu,Male,PL,Kraśniczyn
84,Sanderson,Kendred,skendred2b@youku.com,,BR,Panambi
85,Barnaby,Breming,,Male,,Langnga
86,Amber,Knoller,aknoller2d@hhs.gov,,BG,Kazanlŭk
87,Innis,Edney,iedney2e@sourceforge.net,Male,RU,Derbent
88,See,Crawcour,scrawcour2f@webs.com,Male,,Nedakonice
89,Piggy,Oxford,,Male,PT,Cascais
90,Mathilde,Aluard,maluard2h@cnbc.com,Female,ID,Awar-awar
91,Gery,Stables,gstables2i@aboutads.info,Male,ID,Gandekan
92,Kenyon,Battams,kbattams2j@webs.com,Male,PS,Masḩah
93,Nanni,Dumke,,Female,GE,P’asanauri
94,Elfreda,Banker,ebanker2l@pinterest.com,Female,CO,Pasto
95,Cordelia,Meakin,,Bigender,,Gò Quao
96,Otes,Ainslie,oainslie2n@deliciousdays.com,Male,RU,Priyutovo
97,Nelle,Ardley,,Female,US,Bronx
98,Justine,Gherardelli,jgherardelli2p@mapquest.com,Female,,‘Arīshah
99,Lazarus,Sutch,,Male,PT,Amor
100,Bridgette,Garr,,Female,CA,Estevan
101,Elsi,Traite,,Genderfluid,SE,Södertälje
102,Glenda,Millott,,Female,ID,Mukun
103,Clifford,Hastwall,chastwall2u@cpanel.net,Male,ID,Sidem
104,Jocelyne,Runnicles,jrunnicles2v@youtu.be,Female,AZ,Bilajari
105,Dexter,Forge,,Male,,Erniusuokou
106,Rosy,Jouannot,,Female,TH,Nakhon Pathom
107,Ina,Goard,igoard2y@amazon.com,,PH,Naval
108,Mavis,Bottinelli,mbottinelli2z@dyndns.org,Female,BO,Coroico
109,Nancee,Poplee,,Female,AO,Saurimo
110,Jemima,Sampey,jsampey31@wired.com,Female,,Datong
111,Gauthier,Stather,,Non-binary,IT,Messina
112,Adlai,Dunnan,,Male,CN,Miliangju
113,Andra,Paulich,,Genderfluid,ID,Sumenep
114,Joanne,Slainey,jslainey35@loc.gov,Female,PH,Lunen
115,Towny,Hymus,thymus36@360.cn,Male,CA,Cochrane
116,Zenia,Milby,,Female,ID,Banjar Laing
117,Geoffry,Kean,gkean38@livejournal.com,Male,CA,Summerland
118,Kleon,Bontoft,kbontoft39@123-reg.co.uk,Male,CZ,Chyšky
119,Simonette,Abrahamovitz,sabrahamovitz3a@answers.com,Female,PH,Tambac
120,Clea,Carriage,ccarriage3b@i2i.jp,Female,FR,Aubergenville
121,Nyssa,Pursehouse,,Female,AR,Villa de Soto
122,Leta,Liddell,lliddell3d@va.gov,Female,RU,Baltiysk
123,Maddalena,Allitt,mallitt3e@uiuc.edu,Female,PH,Guinticgan
124,Melody,Petri,mpetri3f@yolasite.com,Polygender,BY,Zhlobin
125,Rossy,Kingsworth,,Male,BR,Abaeté
126,Horatio,Cecere,hcecere3h@netscape.com,Male,PH,Lope de Vega
127,Hadley,Bransgrove,hbransgrove3i@bing.com,Male,,Antsohimbondrona
128,Darrell,Debill,,Male,EG,Abnūb
129,Leeanne,Soanes,lsoanes3k@google.it,,CO,El Carmen
130,Dane,Coleborn,dcoleborn3l@vistaprint.com,Male,UA,Velyka Lepetykha
131,Web,Christer,wchrister3m@nhs.uk,Male,,Dois Portos
132,Austina,Giovanizio,agiovanizio3n@unblog.fr,,CN,Sailaitang
133,Addia,Climie,aclimie3o@mashable.com,Female,BS,Governor’s Harbour
134,Kaela,Sweedland,,Female,MX,El Potrero
135,Ellery,Petkov,epetkov3q@github.io,Male,BR,Nova Olímpia
136,Kalil,Pregal,kpregal3r@homestead.com,Male,UA,Krasnohrad
137,Brander,Laverenz,blaverenz3s@oakley.com,Genderqueer,,San Cosme y Damián
138,Ced,Yukhtin,cyukhtin3t@harvard.edu,Non-binary,PH,Nugas
139,Marven,Dumbar,mdumbar3u@alexa.com,Male,CN,Guanyinge
140,Quinta,Kewley,qkewley3v@uiuc.edu,Female,LK,Batticaloa
141,Garreth,Le Maitre,glemaitre3w@chicagotribune.com,Male,HR,Lovran
142,Diann,Cheyenne,dcheyenne3x@homestead.com,Female,PH,Kotkot
143,Ophelie,Bygrave,obygrave3y@lycos.com,Female,VN,La Gi
144,Ronnie,Kennler,,Male,UA,Lysyanka
145,Skippy,Kellen,skellen40@exblog.jp,Agender,ID,Babakan
146,Trina,Gross,tgross41@ovh.net,Female,JP,Matsutō
147,Augie,Melson,,Male,EG,Al Quşayr
148,Murry,Shiel,,Male,RU,Shaami-Yurt
149,Gideon,Gruszczak,,Genderfluid,,Kendalrejo
150,Perrine,Overell,,Female,ID,Geumpang
151,Trish,Bartkiewicz,tbartkiewicz46@cnn.com,Female,CN,Machikou
152,Dom,Beine,,Genderfluid,FR,Chenôve
153,Candie,Jochanany,cjochanany48@blogger.com,,CN,Hekou
154,Berke,Winspurr,,Male,HN,Guanaja
155,Gwenore,Bristo,gbristo4a@illinois.edu,Female,DK,København
156,Loren,Sawrey,lsawrey4b@ucoz.com,Female,CN,Fushui
157,Mack,Robardet,mrobardet4c@rambler.ru,,,Jatobá
158,Kevina,Acutt,kacutt4d@goodreads.com,Female,,Banjar Buahan
159,Renae,Wenden,rwenden4e@nature.com,Female,BD,Phultala
160,Kingsley,Whilder,kwhilder4f@skype.com,Male,SE,Västerås
161,Kelcie,Bridger,kbridger4g@hibu.com,,PH,Mabua
162,Jacky,Jochen,jjochen4h@craigslist.org,Female,BR,Novo Aripuanã
163,Chandra,Tamlett,,Genderqueer,CN,Xiaojin
164,Gay,Caslane,gcaslane4j@macromedia.com,Female,PE,Huamali
165,Pietro,Daelman,,,RU,Akademicheskoe
166,Rea,Dorney,rdorney4l@answers.com,,FR,Marseille
167,Valry,Gayton,vgayton4m@ifeng.com,Genderfluid,,Santa Eulalia
168,Jamill,Edson,jedson4n@nhs.uk,Male,CN,Shangjia
169,Caril,Croot,ccroot4o@bravesites.com,Female,ID,Kubang
170,Raf,Antat,rantat4p@ed.gov,Female,SE,Valbo
171,Eunice,Blasik,eblasik4q@ocn.ne.jp,,PE,Pitumarca
172,Bride,Barthelemy,bbarthelemy4r@typepad.com,Female,PL,Pogorzyce
173,Stephie,Collett,,Female,FR,Guilherand-Granges
174,Milt,Brandoni,mbrandoni4t@paypal.com,Agender,VN,Thị Trấn Hát Lót
175,Levin,Carbin,lcarbin4u@biblegateway.com,,PT,Couto
176,Angelico,Hardware,ahardware4v@w3.org,Male,,Samut Songkhram
177,Gwendolen,Doggerell,gdoggerell4w@chron.com,Female,,Cofimvaba
178,Izak,Ezele,iezele4x@google.co.uk,Male,ID,Pliwetan
179,Sayer,Ruberry,sruberry4y@hhs.gov,Male,ID,Parakanpanjang
180,Quinn,Stobbart,qstobbart4z@rediff.com,Male,ID,Pasarkolot
181,Phillip,Yakushkin,pyakushkin50@marketwatch.com,Male,GR,Koíla
182,Manuel,O'Nowlan,monowlan51@meetup.com,Bigender,BA,Sokolac
183,Lowrance,Sawell,lsawell52@php.net,Male,AM,Gyumri
184,Sherye,Fanstone,sfanstone53@sakura.ne.jp,Female,JP,Ishikawa
185,Valentine,Dable,vdable54@rakuten.co.jp,Male,CN,Shiqiaotou
186,Dulcie,Vickarman,,Female,CL,La Ensenada
187,Tan,Hannis,thannis56@nbcnews.com,Male,ID,Karangboyo
188,Jarret,Dresser,,Male,RU,Lyskovo
189,Rhodie,Whaymand,,Agender,BR,Orlândia
190,Morey,Lidgett,,Male,FR,Auxerre
191,Wallis,Roughan,,Female,TH,Pa Kham
192,Arnold,Van Hove,,Polygender,CN,Baojia
193,Reynolds,Backler,,Male,CN,Liangnong
194,Antonietta,Harvie,aharvie5d@eepurl.com,,UG,Kamwenge
195,Ernaline,Lear,elear5e@livejournal.com,Female,PH,Sinisian
196,Audy,Jacobsson,,Bigender,NG,Kuta
197,Ettie,Casajuana,ecasajuana5g@digg.com,,,Paris 04
198,Carl,Tristram,,Male,PH,Tignapalan
199,Dinny,De Zamudio,ddezamudio5i@buzzfeed.com,Female,,Yueyahe
200,Jackie,Lotze,jlotze5j@goo.gl,Male,BR,Jacarezinho
201,Fanchon,Aupol,faupol5k@rediff.com,Female,RU,Priozërsk
202,Stacee,Wittke,swittke5l@usda.gov,Genderfluid,,Parung
203,Angelo,Summerfield,asummerfield5m@sitemeter.com,,TH,Ban Mo
204,Lucky,Semerad,lsemerad5n@opera.com,Female,CY,Kato Pyrgos
205,Noemi,Noddings,,Female,CN,Gulai
206,Lay,Dyde,,Male,CZ,Bělá pod Bezdězem
207,Ashby,McDuff,,Male,AL,Sukth
208,Kathryn,Silverwood,ksilverwood5r@live.com,Female,TN,Zouila
209,Giles,Baxster,,,SE,Övertorneå
210,Jennette,Simeoli,jsimeoli5t@hhs.gov,Female,PT,Loivos
211,Robbie,Tammadge,rtammadge5u@jiathis.com,Male,CZ,Zásmuky
212,Alfons,Flawn,aflawn5v@home.pl,Male,PH,Lubuagan
213,Darrell,Pedrocco,,Male,CN,Jinqiao
214,Kendell,Borborough,kborborough5x@buzzfeed.com,Male,MX,Fovissste
215,Gerhard,Burk,gburk5y@google.fr,Bigender,CN,Chongxian
216,Gregg,Comi,gcomi5z@toplist.cz,Male,CN,Jinshi
217,Pebrook,Silver,psilver60@vimeo.com,Male,CN,Yangxu
218,Rolland,Marten,rmarten61@ucsd.edu,Male,ID,Jembangan
219,Lucais,Coger,,Male,CN,Jiujiang
220,Evonne,Keyho,,Female,RU,Tsementnozavodskiy
221,Abdel,Stuckey,astuckey64@zdnet.com,Male,CN,Tieba
222,Byrann,Martel,bmartel65@xrea.com,Male,PH,Dulangan
223,Shani,Carlyle,scarlyle66@multiply.com,Female,PH,Sirib
224,Dynah,Kensall,dkensall67@businessinsider.com,Female,,Camalote
225,Lian,Rubra,,Female,CN,Nanzhai
226,Somerset,Vogeler,svogeler69@washingtonpost.com,Male,AZ,Qobustan
227,Hermie,Fiddyment,hfiddyment6a@baidu.com,Male,,Kozhanka
228,Thedric,Grastye,,Male,IR,Āq Qāyeh
229,Dom,Loncaster,dloncaster6c@hugedomains.com,Male,RU,Levoberezhnaya
230,Carce,Uzelli,cuzelli6d@rediff.com,Male,HR,Goričan
231,Reeta,Wholesworth,rwholesworth6e@jimdo.com,Female,PH,Alacaygan
232,Desirae,Filshin,,Female,CN,Maliang
233,Josias,Slevin,jslevin6g@behance.net,,US,Phoenix
234,Blinny,Pech,bpech6h@barnesandnoble.com,Female,CN,Zougang
235,Eleanore,McTeggart,emcteggart6i@topsy.com,,RU,Chusovoy
236,Chiquita,Gibbs,,Female,UA,Milove
237,Greg,Eallis,geallis6k@istockphoto.com,Male,PT,Matarraque
238,Hilarius,Stafford,hstafford6l@technorati.com,Male,,Cipicung
239,Palmer,Malia,pmalia6m@hhs.gov,Male,BY,Lyasny
240,Alberik,Fewkes,,Male,CN,Tielu
241,Rockey,Presdee,,,FR,Millau
242,Mellicent,Upex,mupex6p@oracle.com,Female,MX,Libertad
243,Claudelle,Mathy,cmathy6q@wisc.edu,Female,CN,Qidu
244,Jennifer,Stallwood,jstallwood6r@rakuten.co.jp,Female,FR,Nantes
245,Carmelle,Copson,ccopson6s@dailymotion.com,Female,RU,Yur’yevets
246,Vergil,Sivills,,Male,,Madang
247,Agretha,Lukacs,alukacs6u@booking.com,Female,,Voronezh
248,Alessandro,Benoiton,abenoiton6v@admin.ch,Male,,Dajing
249,Janie,Kemery,jkemery6w@bravesites.com,Female,CN,Erniusuokou
250,Ezmeralda,Greenier,egreenier6x@symantec.com,Female,,Saurimo
251,Thaddeus,Puncher,,Male,,Kebonkaret
252,Frayda,Veneur,fveneur6z@bigcartel.com,Female,CH,Bern
253,Deva,Kewzick,dkewzick70@wp.com,Female,,Huanghu
254,Aimil,Wasylkiewicz,awasylkiewicz71@state.gov,Female,PL,Zebrzydowice
255,Quent,Golland,qgolland72@berkeley.edu,Male,PL,Luzino
256,Lombard,Allot,lallot73@wikispaces.com,Male,ID,Sulengwaseng
257,Wang,Nattriss,wnattriss74@weibo.com,Male,TH,Cho-airong
258,Stafford,Mangenet,smangenet75@t-online.de,Male,,Nāḩīyat Saddat al Hindīyah
259,Averell,Jeannequin,ajeannequin76@jiathis.com,Male,US,Denver
260,Gregorio,Byng,,Male,UG,Iganga
261,Janine,Romaine,jromaine78@xrea.com,Female,MX,Lazaro Cardenas
262,Tish,Yakuntzov,tyakuntzov79@parallels.com,Female,PT,Carvalho
263,Keefer,Dooman,kdooman7a@bluehost.com,Male,,Nangaroro
264,Retha,Steynor,,Female,CN,Zhangjiawo
265,Aubree,Piletic,apiletic7c@baidu.com,Female,VN,Thạnh Hóa
266,Hyacinthie,Brose,hbrose7d@ask.com,Female,CN,Langchuan
267,Justine,Peaker,jpeaker7e@so-net.ne.jp,Female,PH,Cuevas
268,Byram,Mellonby,,Male,MX,San Pedro
269,Mitchael,Cawt,,Male,ID,Cipeucang
270,Claudetta,Geering,cgeering7h@desdev.cn,Female,RU,Uglovoye
271,Urban,McAllen,umcallen7i@yellowpages.com,,,Daqingshan
272,Andras,Chubb,achubb7j@dailymail.co.uk,Male,HR,Buzet
273,Waite,Drennan,,Male,FR,Pouzauges
274,Brena,Gladwish,bgladwish7l@mysql.com,Female,,San Luis
275,Damara,Marian,dmarian7m@themeforest.net,Genderqueer,YE,Al Tuḩaytā’
276,Dinnie,Klimentyev,,Female,PH,Balogo
277,Rabi,Gludor,rgludor7o@sphinn.com,Male,LT,Gelgaudiškis
278,Anna-maria,Lindop,,Female,PL,Sulechów
279,Ivie,Mosco,imosco7q@ifeng.com,Female,CO,Fresno
280,Garrett,Gilburt,,Male,CN,Xinhua
281,Dun,Raitt,draitt7s@prlog.org,Male,PY,Capiíbary
282,Ofelia,Paladino,opaladino7t@liveinternet.ru,Female,CZ,Broumov
283,Ahmad,Dungey,adungey7u@ox.ac.uk,Male,CN,Weixin
284,Hendrick,Giovannetti,,Male,CN,Nanding
285,Farlay,Costelloe,fcostelloe7w@jiathis.com,,CR,San Diego
286,Dannie,Kewzick,,Genderqueer,PL,Brodnica
287,Carmine,Gerard,cgerard7y@barnesandnoble.com,Female,AZ,Ağdam
288,Toddy,Craig,tcraig7z@csmonitor.com,Male,BR,São Miguel do Guamá
289,Mandel,Lethem,,Male,UY,Nueva Helvecia
290,Pietro,Wimp,pwimp81@nationalgeographic.com,Non-binary,KZ,Kostanay
291,Nani,McDonald,nmcdonald82@sourceforge.net,Female,,Bihoro
292,Free,Tomasicchio,ftomasicchio83@cloudflare.com,Male,CN,Chengguan
293,Loralie,Danielkiewicz,ldanielkiewicz84@tripadvisor.com,Female,,Loutráki
294,Belicia,Birtwhistle,bbirtwhistle85@usnews.com,Female,ZA,Orange Farm
295,Morgana,Gilardengo,mgilardengo86@g.co,Female,EC,Manta
296,Ellis,Gorrissen,egorrissen87@usa.gov,Male,NL,Voorburg
297,Claire,Daly,cdaly88@noaa.gov,Male,CA,Canmore
298,Tandie,McKern,,Female,IR,Razan
299,Melita,Mandrey,mmandrey8a@rambler.ru,Female,CN,Nancaicun
300,Corney,Teasey,cteasey8b@technorati.com,Male,PH,San Jacinto
301,Audrey,Rossey,arossey8c@nbcnews.com,Female,ID,Krajan Kidul Rojopolo
302,Anna,Durrance,adurrance8d@scribd.com,,RU,Pyatovskiy
303,Arman,Skouling,,Polygender,NI,Matiguás
304,Marlow,Pettifor,mpettifor8f@shinystat.com,,BJ,Kétou
305,Parsifal,Hurtic,phurtic8g@ucsd.edu,,BR,Rio Piracicaba
306,Elbertine,Martyntsev,emartyntsev8h@dot.gov,Female,MX,Hidalgo
307,Hanna,Gargett,,Female,RU,Kulary
308,Latrina,Goodswen,lgoodswen8j@posterous.com,Non-binary,TH,Kranuan
309,Aurora,Daffern,,,ID,Belawang
310,Mark,Chastand,,Male,ID,Canga’an
311,Elmore,Punch,epunch8m@geocities.com,Male,YT,Sada
312,Edik,Stallard,estallard8n@sourceforge.net,Male,IR,Jahrom
313,Law,Battrum,lbattrum8o@prweb.com,Male,RU,Pyra
314,Marylou,Dorgon,mdorgon8p@ycombinator.com,Female,SN,Polel Diaoubé
315,Donny,Mucklow,dmucklow8q@loc.gov,Female,FR,Angoulême
316,Sella,Tindley,stindley8r@mysql.com,Female,PT,Quinta da Torre
317,Onfroi,Massey,omassey8s@wisc.edu,,CY,Xylotymbou
318,Donnie,Ville,dville8t@redcross.org,Male,PL,Łętownia
319,Fax,Adolthine,fadolthine8u@wikia.com,Male,,Lianghe
320,Diandra,Wiltshier,,,CN,Xiamao
321,Bartel,Botterell,bbotterell8w@google.de,Male,CN,Guanlu
322,Chad,Rizzardi,,Male,CN,Heqiao
323,Aline,Breache,,Female,,Magitang
324,Hilliary,Sharpus,hsharpus8z@skyrock.com,Female,BR,Cupira
325,Andriette,Bowling,abowling90@omniture.com,Female,CN,Mabugang
326,Allard,Shottin,ashottin91@reuters.com,Agender,ID,Ketapang
327,Royce,Tulley,rtulley92@linkedin.com,Male,NO,Oslo
328,Briney,Whight,bwhight93@reddit.com,Female,MM,Yamethin
329,Oriana,Avis,,,MX,Lindavista
330,Trevor,Essberger,,Male,CN,Zhangyelu
331,Berna,Peete,bpeete96@zdnet.com,Female,PT,Alcains
332,Carline,Authers,cauthers97@theglobeandmail.com,Female,ID,Faeanak Dua
333,Ashlin,Sturman,asturman98@wikia.com,Male,,Machetá
334,Jeff,Book,,Male,UA,Netishyn
335,Frederico,Heugh,fheugh9a@who.int,Male,ES,Vitoria-Gasteiz
336,Juan,Levesque,jlevesque9b@who.int,Male,CN,Mayang
337,Orelia,Whyke,owhyke9c@webs.com,Female,CN,Hecheng
338,Glynnis,Manford,,Female,,Kangxung
339,Averell,Paszek,apaszek9e@qq.com,Male,AL,Fushëkuqe
340,Paulita,Ruthven,pruthven9f@uol.com.br,Female,RU,Svetlyy
341,Pall,Garred,pgarred9g@sohu.com,Genderfluid,,Datarkadu
342,Hamlen,Cranney,hcranney9h@creativecommons.org,Male,RU,Kalinovskoye
343,Ashleigh,Bryns,abryns9i@etsy.com,Female,BR,Araguari
344,Kalil,Saphin,ksaphin9j@qq.com,Male,YE,Ash Sharyah
345,Sergei,Chidwick,schidwick9k@businessweek.com,Male,SE,Ludvika
346,Madelyn,Petkens,mpetkens9l@prlog.org,Non-binary,XK,Junik
347,Teriann,Ethelstone,tethelstone9m@cmu.edu,Female,CN,Gaoming
348,Rhianon,Upsale,rupsale9n@npr.org,Female,CN,Ruoqiang
349,Nadine,Gargett,,Female,PT,São Marcos da Serra
350,Guss,Curtis,,Bigender,ID,Amerta
351,Rosita,Fullard,,Female,PT,Póvoa
352,Jillana,Harford,jharford9r@umich.edu,Polygender,CN,Qiongshan
353,Paige,Cradock,pcradock9s@netvibes.com,,,Taipalsaari
354,Emmett,Cattow,,Male,RU,Povarovo
355,Melicent,Merryweather,mmerryweather9u@hud.gov,Female,PA,La Palma
356,Terrijo,Wabe,twabe9v@gnu.org,Genderqueer,SE,Åtvidaberg
357,Lemar,McGlade,lmcglade9w@about.com,Male,CL,Longaví
358,Julienne,Shubotham,,Female,BR,Montes Claros
359,Oralia,Gadson,ogadson9y@comsenz.com,Female,ID,Ngulakan
360,Bradley,Bufton,bbufton9z@hugedomains.com,Male,CN,Dongjiao
361,Margalit,Stribbling,mstribblinga0@un.org,Polygender,,Isangel
362,Art,Van Schafflaer,avanschafflaera1@java.com,Bigender,PT,Horta
363,Joey,Moston,jmostona2@aol.com,Female,GT,Ciudad Tecún Umán
364,Alec,Wellstood,awellstooda3@e-recht24.de,Male,ZW,Lupane
365,Pansie,Guyer,pguyera4@hatena.ne.jp,Female,US,Stamford
366,Bernadette,Domonkos,bdomonkosa5@ifeng.com,Female,TH,Chian Yai
367,Charles,Corbert,ccorberta6@exblog.jp,Male,CN,Zhenzhushan
368,Matilde,Boutell,,Female,,Santiago de los Caballeros
369,Silvanus,Gronw,sgronwa8@slate.com,Male,JP,Kaminoyama
370,Moselle,Leggis,,,PL,Mniszków
371,Darbee,Maclean,dmacleanaa@theguardian.com,Male,CZ,Všemina
372,Sigmund,Cardenosa,scardenosaab@bizjournals.com,Agender,CN,Chaoyangdong
373,Lynnett,Hardage,,Female,HR,Metković
374,Flory,Sturdgess,fsturdgessad@multiply.com,Female,UA,Horodnya
375,Maximilianus,Bloxland,mbloxlandae@networksolutions.com,Male,CN,Saparbay
376,Thayne,Painswick,tpainswickaf@cmu.edu,Male,MU,Laventure
377,Adan,Parysiak,aparysiakag@bizjournals.com,,CN,Guanting
378,Tracey,Loosely,,Female,BA,Maglaj
379,Elisabeth,Bande,ebandeai@sun.com,Female,MM,Lashio
380,Cecelia,Grunson,,Female,,Dongping
381,Beale,Guiness,bguinessak@wordpress.com,Male,UA,Nyzhnya Krynka
382,Hugibert,Lippiello,hlippielloal@mail.ru,Male,RU,Dzhubga
383,Teri,Josilowski,tjosilowskiam@tamu.edu,Female,CN,Liuhu
384,Natty,Trytsman,ntrytsmanan@amazon.de,Male,NL,Heemskerk
385,Pearce,Weeds,pweedsao@bandcamp.com,Male,TZ,Ilongero
386,Tiebold,Levet,tlevetap@businessinsider.com,Male,,Cherëmushki
387,Joel,Simoneschi,jsimoneschiaq@fda.gov,Male,CN,Meijiang
388,Tasia,Gatfield,tgatfieldar@wired.com,Female,PT,Santana
389,Paco,Yexley,pyexleyas@spotify.com,Male,,Halmstad
390,Callean,Perfitt,,Male,GT,Guanagazapa
391,Linette,Kleuer,lkleuerau@arstechnica.com,Female,PT,Guardizela
392,Yvon,Bedinn,ybedinnav@godaddy.com,Male,GR,Pélla
393,Lauryn,Tees,lteesaw@webs.com,Female,CN,Damu
394,Tamqrah,Mairs,tmairsax@whitehouse.gov,Female,ID,Naikolan
395,Maryrose,Broadberry,mbroadberryay@mashable.com,Female,PA,Los Lotes
396,Xavier,McMichell,xmcmichellaz@over-blog.com,Male,CN,Changqi
397,Gwenette,Cains,gcainsb0@indiegogo.com,Female,YT,Sada
398,Irv,Halworth,,Male,CN,Quanxi
399,Renae,Franklyn,rfranklynb2@furl.net,Female,ID,Ngurenrejo
400,Harmonie,Baser,hbaserb3@sina.com.cn,Female,RU,Uchkeken
401,Spike,Jinkins,sjinkinsb4@alexa.com,Male,,Filimonovo
402,Octavia,Gamwell,ogamwellb5@cargocollective.com,,CN,Shuangkou
403,Denney,Matuszkiewicz,dmatuszkiewiczb6@reference.com,Male,NO,Steinkjer
404,Leela,Malek,,,PH,Tambulig
405,Theodor,Goggin,,Male,CO,El Espino
406,Alyson,Dominico,adominicob9@huffingtonpost.com,,ID,Kanigorokrajan
407,Janeczka,Tuminini,jtumininiba@plala.or.jp,Genderfluid,,Calibutbut
408,Lemmie,Krelle,,Genderqueer,ID,Utarapasar
409,Nelle,Thumnel,nthumnelbc@zimbio.com,Female,UA,Velykyy Burluk
410,Hertha,Kochs,hkochsbd@linkedin.com,Female,IE,Edgeworthstown
411,Clayborn,Cavil,ccavilbe@cbc.ca,Male,CN,Pangushan
412,Ned,Cogzell,ncogzellbf@devhub.com,Male,AR,Deán Funes
413,Nannette,Hatherley,,Female,ID,Badong
414,Verge,Perigo,vperigobh@va.gov,Male,NG,Illushi
415,Merralee,Walicki,,Female,TH,Ban Phai
416,Flint,Binner,,Male,ID,Bunobogu
417,Marjorie,Dellit,,,SV,Chinameca
418,Ephraim,Rubenchik,,Male,CN,Yongjiang
419,Isac,Heape,iheapebm@rediff.com,Male,CN,Jianchang
420,Marya,Drever,mdreverbn@cdbaby.com,Female,BR,Cametá
421,Selina,Bedford,sbedfordbo@bloomberg.com,Female,CO,Flandes
422,Esme,Bullivant,ebullivantbp@naver.com,Female,CN,Shilong
423,Franchot,Marples,fmarplesbq@parallels.com,Genderqueer,CN,Xishaping
424,Baillie,Poll,bpollbr@vk.com,Male,CO,Manizales
425,Farley,Batkin,fbatkinbs@comsenz.com,Male,AR,El Quebrachal
426,Waldemar,Chevis,wchevisbt@nbcnews.com,Male,PT,Ribas
427,Tadeo,Kendred,,,,Milanów
428,Alisa,Kobisch,,Female,CZ,Pecka
429,Ronalda,Halfhide,,,,Santiago de Subrrifana
430,Ogdan,Grewar,ogrewarbx@google.de,Male,ID,Jubung
431,Avictor,Davidge,adavidgeby@slate.com,Male,GT,Santa Catarina Barahona
432,Hillard,MacAindreis,,Non-binary,JP,Kikuchi
433,Rosalie,Carmen,rcarmenc0@livejournal.com,,CN,Qiangtou
434,Vladimir,Rignall,vrignallc1@sohu.com,Male,ID,Langgapayung
435,Elset,Rennick,,Female,,Novaya Igirma
436,Ekaterina,Harper,eharperc3@telegraph.co.uk,Female,PH,Candijay
437,Hunt,Mulcaster,hmulcasterc4@fema.gov,Male,PH,Bantacan
438,Cassie,Andrioletti,candriolettic5@archive.org,Male,AR,Villa Lugano
439,Bride,Sartin,,Female,,Dededo Village
440,Gale,Meininger,gmeiningerc7@census.gov,Female,JP,Kitahama
441,Tana,Chesson,tchessonc8@auda.org.au,,IR,Feyẕābād
442,Cthrine,De Witt,cdewittc9@shinystat.com,Female,BR,Entre Rios
443,Barney,Egger,beggerca@g.co,Male,CN,Lishui
444,Suzie,Swanson,,Female,EG,Al Ḩawāmidīyah
445,Phillipp,Gillbe,,Male,ID,Feondari
446,Torre,Jillins,tjillinscd@i2i.jp,Male,RU,Kamenka
447,Kale,Montague,kmontaguece@a8.net,Male,,Itapetininga
448,Clarabelle,Doerling,,Female,CN,Xinlong
449,Grady,Iacivelli,giacivellicg@typepad.com,Male,CN,Jingu
450,Silas,Frodsham,sfrodshamch@time.com,Male,,Gérakas
451,Lilith,Prisley,lprisleyci@nifty.com,Female,ID,Panunggangan
452,Arly,Petkov,,Female,AR,Apóstoles
453,Danyelle,McCraine,,,ID,Sepatan
454,Josias,Benbough,jbenboughcl@ihg.com,Genderfluid,ID,Lamakera Dua
455,Dona,Weatherall,dweatherallcm@cpanel.net,Female,CN,Luoping
456,Gilbert,Erskin,gerskincn@dedecms.com,Male,CN,Shuicha
457,George,Sussex,,Male,ID,Sumbergayam
458,Ceil,Barstow,cbarstowcp@google.pl,Genderfluid,PT,Penedo
459,Emmett,Marval,emarvalcq@a8.net,Male,,Xilin
460,Judas,Chessel,jchesselcr@flickr.com,Male,,Pigí
461,Sharl,Trett,,Female,TH,Sathing Phra
462,Klara,Seckington,kseckingtonct@oaic.gov.au,Female,CA,Timmins
463,Isidoro,Depper,ideppercu@live.com,Male,RU,Dzhiginka
464,Marylou,Hallas,mhallascv@blogspot.com,Female,VN,U Minh
465,Kelli,Courage,kcouragecw@etsy.com,Female,CN,Kaoshan
466,Shaina,Pates,spatescx@illinois.edu,Female,CN,Huangdu
467,Judah,Hulmes,,Male,TH,Chumphon
468,Farr,Munkton,,Male,ID,Kotakan Selatan
469,Arlin,Spurdens,aspurdensd0@constantcontact.com,Male,,Jimaguayú
470,Petronella,Binion,pbiniond1@ihg.com,,,Muḩradah
471,Damian,Enderlein,denderleind2@ycombinator.com,Male,FM,Tamatam
472,Hieronymus,Creboe,hcreboed3@rakuten.co.jp,Male,PH,Galimuyod
473,Grange,Autin,gautind4@gravatar.com,Male,PH,Guiniculalay
474,Lammond,Glusby,,Male,,Mvomero
475,Cathy,Yakubowicz,cyakubowiczd6@uiuc.edu,Female,CN,Sanxing
476,Tedra,Callander,tcallanderd7@ucoz.com,Female,VE,Santa Ana
477,Alisander,Peto,apetod8@flickr.com,,NO,Stavanger
478,Linda,Deek,ldeekd9@time.com,Female,,Zhongxi
479,Phyllys,Fenix,,Female,,Watulabara
480,Farr,Hymers,,,CN,Xindong
481,Robbie,Dunmuir,rdunmuirdc@indiegogo.com,Bigender,US,Gatesville
482,Rosa,Dumphries,rdumphriesdd@pbs.org,Female,SE,Kristinehamn
483,Norbert,Caswall,ncaswallde@buzzfeed.com,Male,ID,Ciklapa
484,Germain,Fidal,gfidaldf@rediff.com,Female,PE,Pucallpa
485,Matthiew,Bertolaccini,mbertolaccinidg@ameblo.jp,Male,PT,Soure
486,Lanie,Bythway,lbythwaydh@barnesandnoble.com,Female,CN,Tianyi
487,Erda,Pettett,epettettdi@ocn.ne.jp,Female,PL,Kołaczyce
488,Davy,Kulicke,,Male,PT,Fraga
489,Doyle,Harbard,dharbarddk@skype.com,Male,,Nanxiang
490,Ginevra,MacMenamie,gmacmenamiedl@miibeian.gov.cn,,ID,Plumbon
491,Valma,Mordon,vmordondm@tripadvisor.com,,ID,Cihaur
492,Kirk,Manjot,kmanjotdn@psu.edu,Male,,Karangkedawung
493,Orbadiah,Reinert,oreinertdo@slideshare.net,Male,AF,Asadābād
494,Tulley,Hanster,thansterdp@eepurl.com,Male,FR,Royan
495,Tiphani,Lambourne,,Female,AF,Shahrak
496,Jard,Tree,jtreedr@scribd.com,Male,KP,Sariwŏn
497,Hamlen,Camolli,,Male,LU,Mondorf-les-Bains
498,Caro,Schmuhl,cschmuhldt@biglobe.ne.jp,Female,CO,Honda
499,Patric,Mustard,pmustarddu@cbslocal.com,,RU,Tarbagatay
500,Martguerita,Luciano,mlucianodv@latimes.com,Bigender,CN,Huizhai
501,Gwennie,MacMakin,gmacmakindw@networkadvertising.org,Female,LK,Kandy
502,Karly,Gowan,,Female,ID,Nao
503,Dotti,Norewood,dnorewooddy@facebook.com,,FR,Sainte-Luce-sur-Loire
504,Kit,Leary,klearydz@123-reg.co.uk,Male,,Blerim
505,Arlan,Gertray,,Male,CN,Yunmenling
506,Delmer,Hevey,dheveye1@4shared.com,Male,,Tigaherang
507,Maryl,Wallbrook,mwallbrooke2@wikipedia.org,,AR,Camilo Aldao
508,Marcellus,Glabach,,Male,PH,Maindang
509,Granny,Isaac,,Male,CN,Chigan
510,Artemas,McAline,,Male,,Besisahar
511,Garrek,Guillain,,Male,YE,Ar Rubū‘
512,Isaac,Emmott,iemmotte7@myspace.com,Male,SE,Uppsala
513,Bettine,Whalley,bwhalleye8@independent.co.uk,Female,,Homeyo
514,Monte,Radish,mradishe9@java.com,Polygender,,Prómachoi
515,Erminie,Mingey,,Female,MY,Kuala Terengganu
516,Cal,Lagneaux,clagneauxeb@yelp.com,Female,MX,La Cañada
517,Jacklyn,Huzzey,jhuzzeyec@opera.com,Agender,CN,Zishan
518,Mercie,Kemmett,mkemmetted@gmpg.org,Female,ID,Pagelaran
519,Elonore,Von Salzberg,evonsalzbergee@goo.ne.jp,Female,,Cambridge
520,Bastien,Fardo,bfardoef@diigo.com,Male,US,Seattle
521,Fawne,Piccop,fpiccopeg@hhs.gov,Female,PL,Raków
522,Tye,McPharlain,tmcpharlaineh@liveinternet.ru,Genderqueer,,Altona
523,Jeniffer,Jurgen,,Female,RU,Kachug
524,Trip,Wilshaw,,Male,CN,Qiaozhuang
525,Sherwood,Franzonetti,sfranzonettiek@illinois.edu,Male,CN,Siqiao
526,Noel,Stempe,nstempeel@friendfeed.com,Female,FR,Auch
527,Osbert,Klaff,,Male,PY,San José
528,Katie,Lammin,,Female,,Zhouxi
529,Sada,Dimbleby,sdimblebyeo@pagesperso-orange.fr,Female,BR,Itaqui
530,Izaak,Allcock,iallcockep@wordpress.com,,CN,Xiangride
531,Caro,McGiveen,cmcgiveeneq@reference.com,Female,,Malabugas
532,Rubie,Filip,rfiliper@ifeng.com,Female,ID,Tegalalang
533,Traver,Fosse,,Male,RU,Baklashi
534,Dianne,Plante,dplanteet@sciencedaily.com,Female,BG,Peshtera
535,Crystal,Fissenden,cfissendeneu@sitemeter.com,Female,CN,Tielu
536,Kimberli,Robben,krobbenev@usda.gov,Female,ZW,Victoria Falls
537,Adah,Goddert.sf,,Female,,Büzmeýin
538,Venus,Von Der Empten,vvonderemptenex@ucla.edu,Female,PL,Zbąszyń
539,Horatia,Arias,hariasey@weebly.com,Female,,Xuling
540,Rodolph,Morritt,,Male,,Wawa
541,Wainwright,Wooles,wwoolesf0@yelp.com,Bigender,KE,Kinango
542,Aleece,Foottit,afoottitf1@about.me,Female,MX,Guadalupe
543,Bartholomew,Pinch,bpinchf2@gravatar.com,Male,CO,San Alberto
544,Margareta,Itzkovich,,Female,,Staryy Oskol
545,Teirtza,Labarre,tlabarref4@merriam-webster.com,Female,AZ,Samur
546,Vivienne,Dahill,,,ID,Pabean
547,Liuka,Pestricke,lpestrickef6@delicious.com,Female,IE,Piltown
548,Craig,Blyth,cblythf7@bizjournals.com,Male,,Budy
549,Martie,Arnett,marnettf8@example.com,Female,,Pirapo
550,Meredithe,Toseland,mtoselandf9@istockphoto.com,Female,ZW,Plumtree
551,Edwina,Winthrop,ewinthropfa@ca.gov,Female,FR,Rennes
552,Marwin,Delle,mdellefb@amazon.co.uk,,NL,Eindhoven
553,Bernardo,Kubera,bkuberafc@google.nl,Male,PT,Góis
554,Kile,Brawley,kbrawleyfd@about.me,Bigender,CN,Taiqing
555,Mart,Bordes,mbordesfe@symantec.com,Male,SE,Ludvika
556,Jerad,Ort,,Male,SE,Älvdalen
557,Benjamin,Tommen,,Male,EG,Al Jamālīyah
558,Lamont,Comiam,lcomiamfh@usatoday.com,,RU,Sokol
559,Brody,Do Rosario,bdorosariofi@gravatar.com,Male,,Kasreman
560,Giselbert,Flipek,,Male,CN,Zhizhong
561,Maighdiln,Elven,,Female,CZ,Sokolnice
562,Vaclav,Finlry,vfinlryfl@amazon.co.uk,Male,VE,La Mula
563,Nananne,Prestige,nprestigefm@nsw.gov.au,Female,CN,Gaomi
564,Aurelie,Berns,,Female,CN,Wuhao
565,Kristien,Farrance,kfarrancefo@ca.gov,Female,PH,Tanlad
566,Dotti,Ourry,dourryfp@google.es,Agender,MG,Maintirano
567,Gilbert,Gowing,,Male,SE,Sandviken
568,Minda,Purches,mpurchesfr@bloomberg.com,Female,FR,Agen
569,Lorinda,Leyborne,,Female,,Sōka
570,Giselbert,Boor,,Male,,Shakhta
571,Kaila,Galliford,kgallifordfu@examiner.com,Female,US,Newport News
572,Lorenza,Novill,,Female,ID,Tugusirna
573,Henderson,Paute,hpautefw@dot.gov,Male,ID,Karanganyar
574,Jacky,Vaudre,,Male,PT,Porto de Mós
575,Manda,Crockatt,mcrockattfy@artisteer.com,Female,IQ,Nahiyat Ghammas
576,Angela,Ambage,aambagefz@sciencedirect.com,,MX,San Miguel
577,Jillie,Delgado,jdelgadog0@gravatar.com,Female,RU,Kraskino
578,Delmor,Lack,dlackg1@booking.com,Male,AL,Frashër
579,Karine,Antosch,,Female,PH,Talabaan
580,Wally,Wallbanks,,Male,ID,Sorong
581,Yolande,Steaning,,Female,KP,Najin
582,Malynda,Kingsmill,mkingsmillg5@craigslist.org,Female,CN,Daguyun
583,Adriano,Hargess,ahargessg6@gmpg.org,Male,CN,Yuandun
584,Connor,Deesly,,Male,CN,Chaowai
585,Upton,Stilling,,Male,,Sundsvall
586,Freddy,Sire,fsireg9@reverbnation.com,,PT,Odivelas
587,Moss,Powelee,,Male,PH,Sangali
588,Gina,Shine,gshinegb@example.com,Female,,Novyy Svit
589,Taryn,Magill,tmagillgc@infoseek.co.jp,Female,KY,East End
590,Averill,Ventam,,,US,Miami
591,Cornie,Petri,cpetrige@skype.com,Male,FR,Paris 01
592,Berti,Gimbart,bgimbartgf@ibm.com,,ID,Bluri
593,Nina,Pettiford,npettifordgg@printfriendly.com,Female,PT,Redondos
594,Catina,Petrovic,cpetrovicgh@edublogs.org,Female,CN,Shuangqiao
595,Frazier,Hewins,fhewinsgi@goo.ne.jp,Male,CN,Wenxian Chengguanzhen
596,Dinnie,Rosario,drosariogj@creativecommons.org,Female,PL,Suwałki
597,Rebbecca,Isles,rislesgk@wp.com,Female,US,Fargo
598,Eachelle,Shevell,eshevellgl@noaa.gov,Female,PL,Kościerzyna
599,Pansy,Gooble,pgooblegm@hostgator.com,Female,FR,Sceaux
600,Corbett,Farleigh,cfarleighgn@behance.net,Agender,,Fatufeto
601,Isa,Prangnell,,Male,PT,Vila Viçosa
602,Erin,Stoaks,,Agender,PT,Breia
603,Wade,Janjic,wjanjicgq@quantcast.com,Male,MD,Călăraşi
604,Kathye,Branney,kbranneygr@ycombinator.com,Female,HR,Marina
605,Irvin,Laytham,ilaythamgs@redcross.org,Male,HR,Plaški
606,Myrvyn,Bachman,,Male,PH,Prosperidad
607,Terrance,Pitrasso,tpitrassogu@wikispaces.com,Male,PA,El Progreso
608,Onfroi,Heis,,Male,PT,Almeirim
609,Serge,Plinck,splinckgw@clickbank.net,,US,Farmington
610,Jo ann,Mountstephen,jmountstephengx@squidoo.com,Female,,Haveluloto
611,Franciskus,Crews,fcrewsgy@wunderground.com,Male,CU,Yara
612,Philis,Tootal,ptootalgz@163.com,,ID,Grujugan
613,Maryellen,Petrelli,mpetrellih0@icq.com,Female,SV,San Agustín
614,Albie,Stegell,astegellh1@ovh.net,Male,VN,Giồng Trôm
615,Tedie,McAreavey,,Male,JM,Portmore
616,Caddric,Harbard,,Male,MA,Zinat
617,Alejandro,Clemot,,Male,PT,Belverde
618,Candra,Harlett,charletth5@eepurl.com,Female,FI,Pudasjärvi
619,Franklyn,Danniel,fdannielh6@weebly.com,Male,CN,Dongfeng
620,Waylan,Lebbern,,Male,RU,Sestroretsk
621,Stefanie,Ronaghan,,Female,FR,L'Union
622,Allissa,Hazley,ahazleyh9@marriott.com,Female,ID,Peuteuy
623,Zonda,Mcimmie,,Female,MX,Providencia
624,Casey,Durtnel,cdurtnelhb@i2i.jp,Male,BR,Bom Jesus dos Perdões
625,Michael,Westmacott,mwestmacotthc@fema.gov,Male,MY,Kota Kinabalu
626,Mavra,Colegate,mcolegatehd@nymag.com,Non-binary,FR,Paris 08
627,Kaia,Matijevic,,Female,RU,Rodniki
628,Pincas,Tinsey,,,RU,Mozdok
629,Jasun,Cockton,jcocktonhg@cloudflare.com,Male,,La Salud
630,Rancell,Moorhead,,Male,CN,Dangshun
631,Viki,Hamby,vhambyhi@virginia.edu,Female,CN,Chang’an
632,Darrin,Spraggs,dspraggshj@webeden.co.uk,,,Bongued
633,Cosimo,Wedge,,Male,,Naḩḩālīn
634,Tilly,Dobel,,Female,CZ,Rousínov
635,Eldredge,Vokins,,,RU,Petrozavodsk
636,Jacobo,Spinella,,Male,CN,Donglu
637,Theodor,Giuron,tgiuronho@newsvine.com,,,Dublin
638,Sella,Duxbarry,,Female,,Debre Sīna
639,Celisse,Brookz,cbrookzhq@hexun.com,Female,CN,Qiucun
640,Amble,Cobbold,acobboldhr@wix.com,Male,SE,Linköping
641,Innis,Parfitt,iparfitths@nbcnews.com,,MX,Buenavista
642,Alister,Domange,adomangeht@hubpages.com,Male,US,Lansing
643,Janaya,Sweetmore,jsweetmorehu@altervista.org,Female,CN,Longmen
644,Corine,Menat,,Female,FR,Montigny-lès-Metz
645,Marieann,Lawton,mlawtonhw@fc2.com,Female,,Petaling Jaya
646,Darlene,Grice,,Female,PL,Suchedniów
647,Constance,Lambregts,clambregtshy@ask.com,Female,CN,Xianxi
648,Tabbie,Grange,,Male,CM,Idenao
649,Torie,Vedstra,,Female,CN,Quwa
650,Steven,Akister,sakisteri1@zdnet.com,Male,PH,Cama Juan
651,Vaughan,Roll,,Male,CN,Changtan
652,Perren,Scrowson,pscrowsoni3@google.com.hk,,,Busia
653,Lacie,Rowlett,,Female,CN,Dingdian
654,Raye,Lukins,rlukinsi5@shop-pro.jp,,UA,Bus’k
655,Giusto,Jerrolt,gjerrolti6@noaa.gov,Male,FR,Paris La Défense
656,Victoir,Cheves,,Male,CR,Puntarenas
657,Orazio,Timbridge,,Male,,Yashalta
658,Nolan,Rove,nrovei9@berkeley.edu,Male,,Binitinan
659,Lynea,Smead,lsmeadia@baidu.com,Female,CN,Yuanshanzi
660,Gabi,McKerley,gmckerleyib@auda.org.au,,,Inkerman
661,Kippy,Duckinfield,,Female,,Xuhang
662,Mack,Viveash,mviveashid@webeden.co.uk,Male,ID,Karangharjo
663,Demetria,Dimitrie,ddimitrieie@furl.net,Female,PE,Chalaco
664,Hugibert,Rocks,,Male,HU,Debrecen
665,Ewell,Castilljo,,Male,BG,Velingrad
666,Annabela,Allderidge,aallderidgeih@opensource.org,Female,PL,Gościeradów
667,Nollie,Scrymgeour,nscrymgeourii@ocn.ne.jp,Male,PH,Carmelo
668,Hyacinthie,Whaley,hwhaleyij@gmpg.org,Female,DO,San Francisco de Macorís
669,Meredeth,Penella,mpenellaik@zimbio.com,,LK,Haputale
670,Cordula,Axston,caxstonil@biglobe.ne.jp,,,Pingpo
671,Jessy,Mucklo,jmuckloim@com.com,Female,,Noyal-sur-Vilaine
672,Rafe,Olensby,rolensbyin@stumbleupon.com,,,Consolación del Sur
673,Layton,Birchenough,lbirchenoughio@sbwire.com,Male,,Matão
674,Ilyse,Vockings,ivockingsip@liveinternet.ru,Non-binary,ID,Loakulu
675,Bibi,Maplestone,,Female,PT,Reguengos de Monsaraz
676,Neel,Greenard,ngreenardir@wisc.edu,Male,,Bailai
677,Jerrilyn,Roome,,Female,US,Palatine
678,Patrizio,Compford,,Male,CN,Huaping
679,Lurline,Chavez,,,FR,Armentières
680,Peterus,Bassett,pbassettiv@weebly.com,Male,,Bayan Huxu
681,Ingelbert,Lempel,ilempeliw@topsy.com,Male,ID,Bara Datu
682,Manya,Robben,,Female,,Pumaqangtang
683,Kelsi,Munson,kmunsoniy@naver.com,Female,CN,Sandaogou
684,Dolly,Coulthard,,Female,FR,Lillers
685,Ilka,Nelane,inelanej0@disqus.com,Female,ZA,Whittlesea
686,Kippy,Verryan,kverryanj1@nature.com,Female,CA,Calgary
687,Horace,Noon,hnoonj2@spiegel.de,,IE,Muff
688,Budd,Crang,bcrangj3@jiathis.com,Male,,Lons-le-Saunier
689,Jeniece,Farans,jfaransj4@pagesperso-orange.fr,Female,RU,Nizhniye Achaluki
690,Bart,Bassill,bbassillj5@wordpress.com,Male,ID,Plumbangan
691,Fanny,Rodden,froddenj6@weather.com,Female,VN,An Châu
692,Karylin,Mount,,Female,ID,Pakuncen
693,Artus,Trewman,atrewmanj8@foxnews.com,Male,NL,Delft
694,Stephie,Kubik,skubikj9@economist.com,Female,US,Savannah
695,Merilee,Mouncher,mmouncherja@is.gd,Female,ID,Kotabaru
696,Garv,Diboll,,,ID,Wongsorejo
697,Katleen,Elsby,kelsbyjc@github.com,Female,PH,Tiblawan
698,Nollie,Bissett,nbissettjd@smh.com.au,Male,FR,Nantes
699,Bessie,Niece,,Female,PE,Huasta
700,Hester,Maleck,hmaleckjf@marriott.com,Female,ES,Logroño
701,Rozalin,Elsay,relsayjg@google.com,Female,NG,Ore
702,Arman,Marrable,amarrablejh@chron.com,Polygender,SE,Norrtälje
703,Elliot,Seagrove,eseagroveji@list-manage.com,Male,CN,Tianzhen
704,Odelle,Meysham,omeyshamjj@infoseek.co.jp,Female,JP,Matsue-shi
705,Sidnee,Drawmer,sdrawmerjk@list-manage.com,Male,,Décines-Charpieu
706,George,Taffie,,Female,CN,Shengmi
707,Dedra,Haking,dhakingjm@columbia.edu,Female,NG,Tambawel
708,Whitby,Tolan,wtolanjn@domainmarket.com,Male,,Sośnicowice
709,Barret,Ickowics,bickowicsjo@barnesandnoble.com,Male,,Quinta da Courela
710,Tallou,Kunath,,Female,EG,Fuwah
711,Leonidas,Paulton,lpaultonjq@paypal.com,,,Osh
712,Loni,Klugel,,Female,RU,Burevestnik
713,Levey,Gyver,,Male,AF,Maymana
714,Queenie,Swinnard,qswinnardjt@hhs.gov,Non-binary,CN,Biaoxi
715,Mora,Cristofano,,Agender,CN,Jinshan
716,Osbert,Levitt,olevittjv@java.com,Male,,Taganak
717,Reinold,Doggerell,rdoggerelljw@biglobe.ne.jp,,PE,La Unión
718,Tanney,Ribey,tribeyjx@twitpic.com,Male,,Santa Maria da Feira
719,Cookie,Heartfield,cheartfieldjy@linkedin.com,Female,RU,Energetik
720,Dorrie,Fosdick,dfosdickjz@dot.gov,Female,PL,Granica
721,Marijo,Bilston,,Female,PH,Sibulan
722,Syd,Bartoszewski,,Male,,Battambang
723,Catina,Vasyagin,,Female,MX,Venustiano Carranza
724,Estella,Grinstead,egrinsteadk3@techcrunch.com,Female,GR,Eleftheroúpolis
725,Hamnet,Gorey,,Male,CA,Bonavista
726,Ree,Jenking,rjenkingk5@wp.com,Female,VN,Tân Việt
727,Wake,Roath,,Male,SV,San Antonio del Monte
728,Tanhya,Beaton,tbeatonk7@nature.com,Female,PH,Panikian
729,Tessie,Chafney,tchafneyk8@dedecms.com,Female,,Skalánion
730,Nelie,Rearden,,Female,CI,Arrah
731,Matilde,Earie,mearieka@tamu.edu,Female,JO,Al Quwaysimah
732,Riane,Cuolahan,rcuolahankb@123-reg.co.uk,Female,AR,Ciervo Petiso
733,Pierson,Langeren,plangerenkc@1und1.de,Male,VN,Cầu Gồ
734,Lexi,Champken,,Female,RU,Kuzhorskaya
735,Paten,Rickersey,prickerseyke@opensource.org,Male,,Yoshkar-Ola
736,Bobby,Shaddick,bshaddickkf@engadget.com,Male,HR,Laslovo
737,Trescha,Jonin,,Female,DK,Frederiksberg
738,Meggie,Althorpe,,,CN,Qixian
739,Koressa,Beardsley,kbeardsleyki@webeden.co.uk,Female,VE,La Cruz de Taratara
740,Leola,McNalley,lmcnalleykj@creativecommons.org,Female,CN,Tongshan
741,Tome,Cope,tcopekk@hugedomains.com,Male,CN,Xin’e
742,Delbert,Rawls,drawlskl@booking.com,Male,FR,Tours
743,Tudor,Landis,tlandiskm@huffingtonpost.com,Male,CN,Baidian
744,Nadiya,Edridge,,Female,,Eirol
745,Bridgette,Brando,,Female,,Xieyang
746,Tyne,Larciere,tlarcierekp@yelp.com,Female,CN,Zhuting
747,Albertina,Blazic,ablazickq@usgs.gov,Female,PL,Radziszów
748,Evyn,Baudinot,ebaudinotkr@oakley.com,Male,KZ,Novoishimskiy
749,Silvio,Rosenfeld,srosenfeldks@nbcnews.com,Male,RU,Lazarevskoye
750,Hilton,Mettetal,hmettetalkt@ask.com,Male,SE,Lidingö
751,Justin,Halliwell,jhalliwellku@hibu.com,Male,SE,Kävlinge
752,Arri,Ferraretto,aferrarettokv@who.int,Male,MX,San Jose
753,Sean,Dryburgh,sdryburghkw@mac.com,Female,,Penticton
754,Agnes,Duffit,,Genderfluid,FI,Replot
755,Moselle,Lawlee,mlawleeky@boston.com,Female,RU,Krasnoye
756,Lenore,Oliphant,loliphantkz@salon.com,,,Sungsang
757,Rollin,MacKay,rmackayl0@about.com,Male,CN,Huoxian
758,Sauncho,Schruyer,,Male,GR,Akriní
759,Kinny,Orthmann,korthmannl2@nydailynews.com,Male,ID,Poncokusumo
760,Barbara-anne,Gotliffe,bgotliffel3@tmall.com,Bigender,,Lefortovo
761,Ally,Hanbury-Brown,,Female,,Cibeureum
762,Aigneis,Gyves,agyvesl5@sciencedirect.com,Female,BR,Palmital
763,Millie,Hunnawill,mhunnawilll6@ovh.net,Female,UA,Horodyshche
764,Nicoli,Cleave,ncleavel7@joomla.org,,IR,Bandar-e Lengeh
765,Vladamir,Van Der Vlies,,Male,CN,Guxi
766,Fina,Lusher,,Female,,Djibouti
767,Garvy,Hallows,ghallowsla@msu.edu,Male,,Mülheim an der Ruhr
768,Lenora,Rotter,,Female,PE,Pomabamba
769,Reinaldos,Corneille,rcorneillelc@arizona.edu,Male,FI,Siilinjärvi
770,Ainsley,Reyner,,Female,ID,Winong
771,Tilly,Petrasso,tpetrassole@nsw.gov.au,Agender,CN,Yangdun
772,Mariska,Caitlin,mcaitlinlf@facebook.com,Female,,Ereira
773,Jilly,Crocetto,,Female,UA,Knyazhichi
774,Goober,Tookey,,Male,,Alto Barinas
775,Land,Southouse,lsouthouseli@discovery.com,Male,RU,Borovskiy
776,Nicolais,Stentiford,nstentifordlj@upenn.edu,Male,RU,Mirnyy
777,Abeu,Vautin,,Male,CN,Huilong
778,Ainsley,Ioselevich,,,,Rybnaya Sloboda
779,Christoffer,Francombe,cfrancombelm@un.org,Male,,Hegeng
780,Lucius,Carde,lcardeln@bloglovin.com,Genderfluid,BR,Senador Pompeu
781,Ernestus,Pietzker,epietzkerlo@phoca.cz,Male,,‘Alāqahdārī Gēlān
782,Marji,Nuzzti,mnuzztilp@usa.gov,,CN,Xigou
783,Maribeth,Bonnett,mbonnettlq@mediafire.com,Female,CN,Ailibugai
784,Alfonse,Chitham,,Male,MA,Arbaoua
785,Geri,Feeny,,Male,ID,Keumala
786,Gwenni,Dearle-Palser,,,CN,Hekou
787,Renault,Teml,,Male,,Dammarie-les-Lys
788,Isidore,Firbanks,ifirbankslv@indiegogo.com,Male,CN,Dapuchaihe
789,Alberto,Wearing,awearinglw@jimdo.com,,PH,Nangalisan
790,Alexandros,Pollendine,apollendinelx@chronoengine.com,Male,CN,Letuyi
791,Colman,Storry,cstorryly@paypal.com,Male,PH,San Quintin
792,Dre,Gazey,dgazeylz@pcworld.com,,RU,Osa
793,Cathryn,Leete,,Female,,Plaisir
794,Luisa,Duval,lduvalm1@auda.org.au,Female,RU,Novaya Mayna
795,Elton,Rushford,,Male,,Nyurba
796,Willy,Matys,wmatysm3@earthlink.net,Male,AR,Villa Ascasubi
797,Cary,Macewan,,,ID,Pasirbitung
798,Evangeline,Hutten,ehuttenm5@imageshack.us,Female,CN,Shimen
799,Cariotta,Temperley,,Female,BG,Yambol
800,Vite,McCloughlin,vmccloughlinm7@ted.com,Male,,Napak
801,Zelda,Couve,zcouvem8@oracle.com,Female,ID,Rerawere
802,Marysa,Janic,mjanicm9@wired.com,Female,SB,Tulaghi
803,Viv,Limb,,Polygender,KM,Ziroudani
804,Porty,Gidman,pgidmanmb@mit.edu,Male,JP,Tsuruga
805,Jammie,Kirkham,jkirkhammc@mayoclinic.com,Female,,Ashkāsham
806,Flossi,Hannigane,fhanniganemd@angelfire.com,Female,TN,Bizerte
807,Salli,Balog,sbalogme@google.de,Female,,Melissochóri
808,Augusta,Narraway,,Female,CN,Shanggan
809,Ralph,Whittock,rwhittockmg@netvibes.com,Male,FI,Punkalaidun
810,Logan,Vassar,lvassarmh@theatlantic.com,Male,PE,Pacasmayo
811,Cherilyn,Murkitt,cmurkittmi@marriott.com,Female,RU,Vostochnyy
812,Marwin,MacLardie,,Male,,Ondo
813,Charmine,Franseco,,Female,,Estreito Câmara de Lobos
814,Deborah,Roomes,droomesml@shareasale.com,Female,NG,Ibeto
815,Kirby,Gianetti,,Female,CG,Owando
816,De,Crate,dcratemn@bravesites.com,Female,CN,Changtu
817,Kipp,Farrell,,Female,CN,Langtou
818,Ingra,Roder,irodermp@biglobe.ne.jp,,ID,Rimba Sekampung
819,Lusa,Giacovelli,lgiacovellimq@rakuten.co.jp,Female,,Wintzenheim
820,Iggy,Yakubowicz,,Male,JP,Yokkaichi
821,Katerine,Wilmut,,Female,PH,Tomingad
822,Stearne,Dilliway,sdilliwaymt@rambler.ru,Male,SY,Aş Şanamayn
823,Ilyssa,Kovalski,ikovalskimu@mysql.com,Female,MA,Timoulilt
824,Devy,Aitcheson,daitchesonmv@wordpress.org,Genderfluid,PE,Sandia
825,Damara,Dever,,Female,TN,Ariana
826,Virgil,Thowes,,Male,PE,Cocachacra
827,Libby,Hulstrom,lhulstrommy@simplemachines.org,Female,,Panorama
828,Norine,Bariball,,Female,NG,Samamiya
829,Leeanne,Grahlman,,Female,CN,Heping
830,Gwenore,Birkwood,gbirkwoodn1@liveinternet.ru,Female,,Babakan
831,Gregorius,Brusin,gbrusinn2@cornell.edu,Male,ID,Nyalindung
832,Noah,Sussans,nsussansn3@google.com.hk,Male,ID,Mekarsari
833,Violetta,Gellion,vgellionn4@who.int,Female,CN,Lubao
834,Shantee,Boal,sboaln5@merriam-webster.com,Female,UA,Kramators’k
835,Jaclyn,Garfath,,Female,,Chapayeve
836,Susy,Gramer,sgramern7@a8.net,Female,US,Lawrenceville
837,Giles,Roofe,,Male,SE,Kristianstad
838,Abdel,Smallpeice,asmallpeicen9@yellowpages.com,Male,UA,Zaliznychne
839,Travis,Pittham,tpitthamna@sohu.com,Male,,Qijiawan
840,Carlo,Sijmons,csijmonsnb@ucla.edu,Male,ID,Waepana
841,Llywellyn,Arnholtz,,Male,PY,Concepción
842,Mathian,Fenix,mfenixnd@people.com.cn,,RU,Zhukovka
843,Rozella,Nutbrown,rnutbrownne@forbes.com,Female,CN,Liulin
844,Urbain,Durtnall,udurtnallnf@mtv.com,Male,FR,Lagnieu
845,Eryn,Plastow,,,NO,Oslo
846,Fredrick,Extill,fextillnh@archive.org,Male,BR,Pirapora do Bom Jesus
847,Nannette,Duck,nduckni@sciencedaily.com,Female,,Yaodian
848,Hort,Emanuelov,hemanuelovnj@qq.com,Male,GR,Ágios Spyrídon
849,Leeland,Jacox,,Male,CN,Miaoxi
850,Lyda,Nilles,lnillesnl@skyrock.com,Female,BR,Rio Novo do Sul
851,Janene,O'Kinedy,jokinedynm@ted.com,Female,DK,Frederiksberg
852,Gloria,Bess,gbessnn@blog.com,Female,PE,Chinchaypujio
853,Allison,Casajuana,acasajuanano@cbc.ca,Female,ID,Kampungraja
854,Chev,Brolechan,cbrolechannp@tamu.edu,Male,PT,Algueirão
855,Niki,Warrilow,nwarrilownq@dailymotion.com,Male,,Banī Suwayf
856,Timmy,Chesnay,,Female,,Calaoagan
857,Rowan,Shervil,,Male,CM,Diang
858,Bonita,Spenclay,bspenclaynt@goo.ne.jp,Female,DE,Halle
859,Donni,Heggman,dheggmannu@craigslist.org,Female,CN,Nyima
860,Etti,Buxsey,ebuxseynv@techcrunch.com,Female,EE,Jõgeva
861,Hesther,Mosdall,hmosdallnw@engadget.com,Female,PA,Nuevo Emperador
862,Kippar,Mellem,,,,Zhuravka
863,Benji,Taffie,btaffieny@buzzfeed.com,Male,CN,Muzidian
864,Nomi,Moring,,Female,ID,Belang
865,Heda,Filimore,hfilimoreo0@walmart.com,Female,UA,Slavs’ke
866,Nicole,Moth,nmotho1@diigo.com,Female,SL,Baiima
867,Ram,Claussen,rclausseno2@nifty.com,Male,MX,Cuauhtemoc
868,Daffy,Gulleford,dgullefordo3@nbcnews.com,Female,IE,Blarney
869,Roselia,Bedinham,rbedinhamo4@merriam-webster.com,Female,ID,Palangan
870,Lester,Angrick,langricko5@oaic.gov.au,,,Dumalinao
871,See,Knapp,sknappo6@hugedomains.com,Male,CN,Gusong
872,Beaufort,Cayette,bcayetteo7@house.gov,Male,PH,Jalaud
873,Osborne,Strain,ostraino8@facebook.com,Agender,,Runović
874,Biddie,Maasz,bmaaszo9@yahoo.com,Female,HR,Vrbovec
875,Lillis,Garfitt,lgarfittoa@home.pl,Female,,Lyuban’
876,Inigo,Symcox,isymcoxob@intel.com,Male,BR,Alegrete
877,Barth,Gutman,,Male,PA,Pedregal
878,Culley,Baudts,cbaudtsod@1688.com,Male,BJ,Kandi
879,Gabriell,Gillan,,Female,RS,Klek
880,Hillary,Dahlback,hdahlbackof@yolasite.com,Male,BR,Ipubi
881,Cherye,Howling,chowlingog@google.de,Female,PE,Pampa Hermosa
882,Bobby,Wenham,bwenhamoh@ed.gov,Male,ZA,Somerset East
883,Linet,Innes,linnesoi@cdbaby.com,Female,,Piet Retief
884,Cinderella,Linford,clinfordoj@upenn.edu,Female,SN,Koungheul
885,Tris,Sheran,tsheranok@va.gov,Male,,Purranque
886,Tessy,McBeith,,Female,PT,Sabugal
887,Idaline,McIlwraith,imcilwraithom@ow.ly,Female,CN,Huangtugang
888,Fabiano,Milner,,Male,CN,Qinxi
889,Adrienne,Eudall,aeudalloo@over-blog.com,,VN,Bến Cầu
890,Brina,Sparkwell,,Female,LU,Walferdange
891,Deena,Newvell,,Female,US,Norfolk
892,Zondra,Duffield,zduffieldor@examiner.com,Female,XK,Mitrovicë
893,Rufe,Monckton,rmoncktonos@zimbio.com,Male,NL,Tilburg
894,Allix,Knowles,aknowlesot@google.ru,Female,PH,Sabang
895,Meris,Reyne,mreyneou@livejournal.com,Female,CN,Hongdun
896,Nicky,Doust,ndoustov@weibo.com,Male,PL,Strachówka
897,Eal,Dwelly,edwellyow@smugmug.com,Male,NE,Matamey
898,Carry,Shurlock,,Bigender,RU,Imeni Babushkina
899,Dmitri,Biddwell,,Male,,Pirassununga
900,Franklyn,Wilcockes,fwilcockesoz@desdev.cn,Agender,JP,Hatsukaichi
901,Kristina,Syne,,Female,PL,Baligród
902,Fiorenze,Joberne,,Female,BR,Entre Rios
903,Dori,Dobbson,,Female,CN,Nubma
904,Ulrikaumeko,Bradneck,,Female,BR,Ipueiras
905,Franz,O'Geaney,fogeaneyp4@reuters.com,Male,ID,Laleng
906,Lorette,Stiegers,,,,El Porvenir
907,Budd,Withnall,bwithnallp6@elegantthemes.com,Male,RS,Majur
908,Aaren,Broady,abroadyp7@soundcloud.com,Female,AR,Villa Paula de Sarmiento
909,Court,Paik,,Male,UA,Kirove
910,Gennifer,Sange,gsangep9@youtube.com,Female,NG,Abua
911,Fan,Huntingford,,Female,ID,Cilampuyang
912,Delaney,Brimacombe,,Male,PA,La Palma
913,Rodina,Grady,rgradypc@guardian.co.uk,Female,CN,Baohe
914,Paton,Hamments,,Male,ID,Panawuan
915,Selma,Bownas,sbownaspe@nba.com,,,Shizong
916,Jehanna,Bumpass,,,GT,San José Acatempa
917,Robbie,Hindrich,rhindrichpg@comcast.net,Male,FR,Strasbourg
918,Charley,Height,cheightph@ycombinator.com,Male,PL,Chotcza
919,Stafford,Espinay,sespinaypi@omniture.com,Male,BR,Ilhabela
920,Kissiah,Pierce,,Female,,Komorów
921,Darci,Klageman,dklagemanpk@example.com,,MA,Tazouta
922,Cilka,McKeevers,cmckeeverspl@stumbleupon.com,Female,,Dukuhmencek Lor
923,Johna,Laughlin,jlaughlinpm@wisc.edu,Female,CN,Jianxin
924,Sophi,Sucre,,Female,PE,Chalcos
925,Allene,Remer,aremerpo@twitter.com,Female,ID,Banjarkemuning
926,Gaylord,Measey,gmeaseypp@ustream.tv,Male,TH,Wiang Chiang Rung
927,Halli,Tellett,htellettpq@istockphoto.com,,RU,Vol’nyy Aul
928,Nobie,Stearley,,,MY,Kota Kinabalu
929,Junie,Brim,jbrimps@china.com.cn,Female,RU,Kovrov
930,Jessee,Gayter,jgayterpt@pcworld.com,,,Spas-Klepiki
931,Ingeberg,McPhelimey,imcphelimeypu@storify.com,Bigender,,Nový Bydžov
932,Gregor,Bockh,gbockhpv@deviantart.com,Male,LV,Jaunpiebalga
933,Monique,Reitenbach,mreitenbachpw@boston.com,Female,VN,Thị Trấn Việt Lâm
934,Davey,Ramirez,,Male,IQ,Al ‘Azīzīyah
935,Haywood,Cominello,hcominellopy@archive.org,,BR,Paranaguá
936,Dov,Amsden,damsdenpz@blogspot.com,Male,,Gibato
937,Sidnee,Backson,,Male,PH,Santol
938,Keven,L' Anglois,klangloisq1@cloudflare.com,,,Sangalhos
939,Janos,Wallbrook,,Male,MQ,Fort-de-France
940,Morena,Simmill,msimmillq3@flickr.com,Female,CN,Xinjiebu
941,Morgen,Noden,,Male,ID,Wringinputih
942,Enrika,Heaford,eheafordq5@sitemeter.com,Female,,Mondim de Basto
943,Lina,Frackiewicz,lfrackiewiczq6@loc.gov,Female,ID,Jenang Selatan
944,Gabriel,O'Corrane,gocorraneq7@stanford.edu,Male,CN,Jincheng
945,Olivero,Abbatt,oabbattq8@ustream.tv,Male,,Avelar
946,Kerri,Hughlin,,Female,MN,Undurkhaan
947,Delly,Guitel,dguitelqa@addthis.com,Female,,Muyinga
948,Alejandro,Trainer,atrainerqb@msu.edu,Male,RU,Ivot
949,Any,Fieldgate,afieldgateqc@mtv.com,Male,,Pytalovo
950,Beatrice,Bantock,bbantockqd@icq.com,Female,MX,Alvaro Obregon
951,Timotheus,Andrzejczak,tandrzejczakqe@pagesperso-orange.fr,Male,RU,Khadzhalmakhi
952,Algernon,Pattingson,apattingsonqf@cdc.gov,Male,AZ,Hövsan
953,Tobit,Leather,tleatherqg@hhs.gov,Male,RU,Chamlykskaya
954,Melinde,Reah,mreahqh@webnode.com,Female,RU,Nuradilovo
955,Hyacinth,De Ath,,Female,HN,El Ocotón
956,Derek,Cosyns,dcosynsqj@ca.gov,Male,US,Tampa
957,Janel,Merigon,,Genderfluid,PL,Nakło nad Notecią
958,Ursola,Taveriner,,Female,BR,Itabaiana
959,Rabi,Skinley,rskinleyqm@ameblo.jp,Male,RU,Pridonskoy
960,Hewet,Le Lievre,,Male,,Ciwaru
961,Carver,Fritche,cfritcheqo@craigslist.org,,,Bolesławiec
962,Herb,Poveleye,hpoveleyeqp@google.co.jp,Male,PH,Bulacan
963,Tabbitha,Lewin,tlewinqq@wired.com,Female,FR,Paris 14
964,Melania,Domelaw,mdomelawqr@discuz.net,,PL,Chełm
965,Kelsi,Ceeley,kceeleyqs@spotify.com,Female,CN,Caotan
966,Ami,Broadfoot,abroadfootqt@clickbank.net,,CN,Xinhua
967,Charlene,Garrand,cgarrandqu@google.ru,Female,JP,Nikkō
968,Camey,Wasbrough,cwasbroughqv@dailymail.co.uk,Male,MA,Moulay Bouchta
969,Pris,Chittleburgh,pchittleburghqw@businessweek.com,Female,,Tabālah
970,Leonora,Chese,lcheseqx@amazon.co.uk,Female,PF,Afaahiti
971,Trent,Maggi,tmaggiqy@tripadvisor.com,Bigender,US,Los Angeles
972,Alphard,Lowen,,Male,,Bom Despacho
973,Bendix,Kubec,bkubecr0@istockphoto.com,Male,,Straszyn
974,Cymbre,Naish,cnaishr1@qq.com,Female,MU,Vacoas
975,Hammad,Haug,hhaugr2@unesco.org,Male,DE,Bremen
976,Jed,Hannent,jhannentr3@github.io,Male,ID,Neglasari
977,Dore,Bodell,dbodellr4@storify.com,Female,CN,Weihai
978,Jada,Kyndred,,Female,RS,Kuršumlija
979,Nev,Alexsandrowicz,nalexsandrowiczr6@rakuten.co.jp,Male,CA,Okotoks
980,Keslie,Whorf,,Female,MA,Tmourghout
981,Katti,Fores,,Female,EG,Bilqās
982,Zorana,Malan,,Female,BF,Ouahigouya
983,Chaunce,Eakens,,Male,,Zhili
984,Granny,Morsey,,Male,SV,Ozatlán
985,Wallace,Szymoni,wszymonirc@dyndns.org,Male,AF,Chowṉêy
986,Von,Achrameev,vachrameevrd@mac.com,Genderqueer,KM,Hoani
987,Marcelo,Gregorin,,Male,RU,Spas-Zaulok
988,Nathan,Beyn,nbeynrf@answers.com,Male,FR,Fontainebleau
989,Lani,Klaes,,Female,NO,Oslo
990,Drucie,Ferie,,Female,DE,Hamburg
991,Anette,Watkiss,awatkissri@ted.com,Female,,Baofeng
992,Dorise,MacGill,,Female,CN,Tangtu
993,Kinny,Hain,,,ID,Brongkah
994,Natale,Lathwell,,Male,,Bang Rak
995,Terencio,Grellier,tgrellierrm@nps.gov,Male,SE,Västerås
996,Audrey,Ilem,,Female,CN,Banjing
997,Clemmie,Shearman,cshearmanro@princeton.edu,Male,CN,Lufang
998,Lanita,Pirri,,Female,CN,Cangshan
999,Bernardo,Rime,brimerq@com.com,Male,BG,Rila
1000,Calhoun,Casey,ccaseyrr@pagesperso-orange.fr,,PL,Wielichowo
